frame_id,group,source_path,timestamp,reason,annotation_path,auto_left_count,auto_right_count,sharpness,suspect_count,expert_reviewed
A_123_FUJI_CNS05330,A,/Volumes/FAFU 二次备份/2022-11-09   褐飞虱偏好性/2023-05-26   ZH11  B3-OE/123_FUJI/CNS05330.JPG,2023-05-25 21:59:04,本组疑似目标数较多,/Volumes/115/Codex/取食偏好/analysis_results/褐飞虱偏好_20260916/evidence/优先复核/A_123_FUJI_CNS05330_自动候选标注.jpg,19,10,188.41915893554688,23,False
A_123_FUJI_CNS05529,A,/Volumes/FAFU 二次备份/2022-11-09   褐飞虱偏好性/2023-05-26   ZH11  B3-OE/123_FUJI/CNS05529.JPG,2023-05-25 22:32:14,相邻照片计数变化较大，可能是真实移动或计数问题,/Volumes/115/Codex/取食偏好/analysis_results/褐飞虱偏好_20260916/evidence/优先复核/A_123_FUJI_CNS05529_自动候选标注.jpg,18,9,171.71060180664062,17,False
A_123_FUJI_CNS05704,A,/Volumes/FAFU 二次备份/2022-11-09   褐飞虱偏好性/2023-05-26   ZH11  B3-OE/123_FUJI/CNS05704.JPG,2023-05-25 23:01:24,本组疑似目标数较多,/Volumes/115/Codex/取食偏好/analysis_results/褐飞虱偏好_20260916/evidence/优先复核/A_123_FUJI_CNS05704_自动候选标注.jpg,23,9,170.71377563476562,24,False
A_123_FUJI_CNS05707,A,/Volumes/FAFU 二次备份/2022-11-09   褐飞虱偏好性/2023-05-26   ZH11  B3-OE/123_FUJI/CNS05707.JPG,2023-05-25 23:01:54,本组疑似目标数较多,/Volumes/115/Codex/取食偏好/analysis_results/褐飞虱偏好_20260916/evidence/优先复核/A_123_FUJI_CNS05707_自动候选标注.jpg,23,9,169.2533416748047,24,False
A_123_FUJI_CNS05736,A,/Volumes/FAFU 二次备份/2022-11-09   褐飞虱偏好性/2023-05-26   ZH11  B3-OE/123_FUJI/CNS05736.JPG,2023-05-25 23:06:44,相邻照片计数变化较大，可能是真实移动或计数问题,/Volumes/115/Codex/取食偏好/analysis_results/褐飞虱偏好_20260916/evidence/优先复核/A_123_FUJI_CNS05736_自动候选标注.jpg,22,10,181.99615478515625,22,False
A_123_FUJI_CNS05737,A,/Volumes/FAFU 二次备份/2022-11-09   褐飞虱偏好性/2023-05-26   ZH11  B3-OE/123_FUJI/CNS05737.JPG,2023-05-25 23:06:54,相邻照片计数变化较大，可能是真实移动或计数问题,/Volumes/115/Codex/取食偏好/analysis_results/褐飞虱偏好_20260916/evidence/优先复核/A_123_FUJI_CNS05737_自动候选标注.jpg,17,9,188.82054138183594,17,False
A_123_FUJI_CNS05976,A,/Volumes/FAFU 二次备份/2022-11-09   褐飞虱偏好性/2023-05-26   ZH11  B3-OE/123_FUJI/CNS05976.JPG,2023-05-25 23:46:44,本组清晰度最低候选,/Volumes/115/Codex/取食偏好/analysis_results/褐飞虱偏好_20260916/evidence/优先复核/A_123_FUJI_CNS05976_自动候选标注.jpg,19,9,139.77548217773438,12,False
A_123_FUJI_CNS05977,A,/Volumes/FAFU 二次备份/2022-11-09   褐飞虱偏好性/2023-05-26   ZH11  B3-OE/123_FUJI/CNS05977.JPG,2023-05-25 23:46:54,本组清晰度最低候选,/Volumes/115/Codex/取食偏好/analysis_results/褐飞虱偏好_20260916/evidence/优先复核/A_123_FUJI_CNS05977_自动候选标注.jpg,19,9,138.36695861816406,12,False
A_123_FUJI_CNS05978,A,/Volumes/FAFU 二次备份/2022-11-09   褐飞虱偏好性/2023-05-26   ZH11  B3-OE/123_FUJI/CNS05978.JPG,2023-05-25 23:47:04,本组清晰度最低候选,/Volumes/115/Codex/取食偏好/analysis_results/褐飞虱偏好_20260916/evidence/优先复核/A_123_FUJI_CNS05978_自动候选标注.jpg,21,9,138.8441162109375,15,False
A_123_FUJI_CNS09870,A,/Volumes/FAFU 二次备份/2022-11-09   褐飞虱偏好性/2023-05-26   ZH11  B3-OE/123_FUJI/CNS09870.JPG,2023-05-26 10:35:44,停拍缺口前后,/Volumes/115/Codex/取食偏好/analysis_results/褐飞虱偏好_20260916/evidence/优先复核/A_123_FUJI_CNS09870_自动候选标注.jpg,17,10,187.44297790527344,17,False
A_124_FUJI_CNS00001,A,/Volumes/FAFU 二次备份/2022-11-09   褐飞虱偏好性/2023-05-26   ZH11  B3-OE/124_FUJI/CNS00001.JPG,2023-05-26 10:57:24,停拍缺口前后,/Volumes/115/Codex/取食偏好/analysis_results/褐飞虱偏好_20260916/evidence/优先复核/A_124_FUJI_CNS00001_自动候选标注.jpg,17,10,191.1009979248047,16,False
A_124_FUJI_CNS00953,A,/Volumes/FAFU 二次备份/2022-11-09   褐飞虱偏好性/2023-05-26   ZH11  B3-OE/124_FUJI/CNS00953.JPG,2023-05-26 13:36:04,初始核验某侧差异超过2只,/Volumes/115/Codex/取食偏好/analysis_results/褐飞虱偏好_20260916/evidence/优先复核/A_124_FUJI_CNS00953_自动候选标注.jpg,12,12,176.64903259277344,8,False
B_124_FUJI_CNS03360,B,/Volumes/FAFU 二次备份/2022-11-09   褐飞虱偏好性/2023-05-27   BPH33/124_FUJI/CNS03360.JPG,2023-05-26 20:46:23,本组疑似目标数较多,/Volumes/115/Codex/取食偏好/analysis_results/褐飞虱偏好_20260916/evidence/优先复核/B_124_FUJI_CNS03360_自动候选标注.jpg,22,18,214.564697265625,44,False
B_124_FUJI_CNS03595,B,/Volumes/FAFU 二次备份/2022-11-09   褐飞虱偏好性/2023-05-27   BPH33/124_FUJI/CNS03595.JPG,2023-05-26 21:25:33,本组疑似目标数较多,/Volumes/115/Codex/取食偏好/analysis_results/褐飞虱偏好_20260916/evidence/优先复核/B_124_FUJI_CNS03595_自动候选标注.jpg,23,21,237.1671600341797,45,False
B_124_FUJI_CNS03850,B,/Volumes/FAFU 二次备份/2022-11-09   褐飞虱偏好性/2023-05-27   BPH33/124_FUJI/CNS03850.JPG,2023-05-26 22:08:03,本组疑似目标数较多,/Volumes/115/Codex/取食偏好/analysis_results/褐飞虱偏好_20260916/evidence/优先复核/B_124_FUJI_CNS03850_自动候选标注.jpg,24,21,239.08872985839844,46,False
B_124_FUJI_CNS04214,B,/Volumes/FAFU 二次备份/2022-11-09   褐飞虱偏好性/2023-05-27   BPH33/124_FUJI/CNS04214.JPG,2023-05-26 23:08:43,相邻照片计数变化较大，可能是真实移动或计数问题,/Volumes/115/Codex/取食偏好/analysis_results/褐飞虱偏好_20260916/evidence/优先复核/B_124_FUJI_CNS04214_自动候选标注.jpg,21,14,224.2222900390625,27,False
B_124_FUJI_CNS04229,B,/Volumes/FAFU 二次备份/2022-11-09   褐飞虱偏好性/2023-05-27   BPH33/124_FUJI/CNS04229.JPG,2023-05-26 23:11:13,相邻照片计数变化较大，可能是真实移动或计数问题,/Volumes/115/Codex/取食偏好/analysis_results/褐飞虱偏好_20260916/evidence/优先复核/B_124_FUJI_CNS04229_自动候选标注.jpg,23,15,189.53781127929688,30,False
B_124_FUJI_CNS04841,B,/Volumes/FAFU 二次备份/2022-11-09   褐飞虱偏好性/2023-05-27   BPH33/124_FUJI/CNS04841.JPG,2023-05-27 00:53:13,相邻照片计数变化较大，可能是真实移动或计数问题,/Volumes/115/Codex/取食偏好/analysis_results/褐飞虱偏好_20260916/evidence/优先复核/B_124_FUJI_CNS04841_自动候选标注.jpg,24,18,213.4768829345703,42,False
B_124_FUJI_CNS04843,B,/Volumes/FAFU 二次备份/2022-11-09   褐飞虱偏好性/2023-05-27   BPH33/124_FUJI/CNS04843.JPG,2023-05-27 00:53:33,初始核验某侧差异超过2只,/Volumes/115/Codex/取食偏好/analysis_results/褐飞虱偏好_20260916/evidence/优先复核/B_124_FUJI_CNS04843_自动候选标注.jpg,22,16,211.59780883789062,31,False
B_124_FUJI_CNS05589,B,/Volumes/FAFU 二次备份/2022-11-09   褐飞虱偏好性/2023-05-27   BPH33/124_FUJI/CNS05589.JPG,2023-05-27 02:57:53,初始核验某侧差异超过2只,/Volumes/115/Codex/取食偏好/analysis_results/褐飞虱偏好_20260916/evidence/优先复核/B_124_FUJI_CNS05589_自动候选标注.jpg,28,8,207.8697052001953,32,False
B_124_FUJI_CNS05724,B,/Volumes/FAFU 二次备份/2022-11-09   褐飞虱偏好性/2023-05-27   BPH33/124_FUJI/CNS05724.JPG,2023-05-27 03:20:23,本组清晰度最低候选,/Volumes/115/Codex/取食偏好/analysis_results/褐飞虱偏好_20260916/evidence/优先复核/B_124_FUJI_CNS05724_自动候选标注.jpg,24,9,164.7472686767578,33,False
B_124_FUJI_CNS05838,B,/Volumes/FAFU 二次备份/2022-11-09   褐飞虱偏好性/2023-05-27   BPH33/124_FUJI/CNS05838.JPG,2023-05-27 03:39:23,初始核验某侧差异超过2只,/Volumes/115/Codex/取食偏好/analysis_results/褐飞虱偏好_20260916/evidence/优先复核/B_124_FUJI_CNS05838_自动候选标注.jpg,23,12,192.2692413330078,24,False
B_124_FUJI_CNS06087,B,/Volumes/FAFU 二次备份/2022-11-09   褐飞虱偏好性/2023-05-27   BPH33/124_FUJI/CNS06087.JPG,2023-05-27 04:20:53,初始核验某侧差异超过2只,/Volumes/115/Codex/取食偏好/analysis_results/褐飞虱偏好_20260916/evidence/优先复核/B_124_FUJI_CNS06087_自动候选标注.jpg,24,10,189.44314575195312,30,False
B_124_FUJI_CNS06584,B,/Volumes/FAFU 二次备份/2022-11-09   褐飞虱偏好性/2023-05-27   BPH33/124_FUJI/CNS06584.JPG,2023-05-27 05:43:43,初始核验某侧差异超过2只,/Volumes/115/Codex/取食偏好/analysis_results/褐飞虱偏好_20260916/evidence/优先复核/B_124_FUJI_CNS06584_自动候选标注.jpg,20,10,231.51913452148438,27,False
B_124_FUJI_CNS06838,B,/Volumes/FAFU 二次备份/2022-11-09   褐飞虱偏好性/2023-05-27   BPH33/124_FUJI/CNS06838.JPG,2023-05-27 06:26:03,本组清晰度最低候选,/Volumes/115/Codex/取食偏好/analysis_results/褐飞虱偏好_20260916/evidence/优先复核/B_124_FUJI_CNS06838_自动候选标注.jpg,20,12,162.9810333251953,31,False
B_124_FUJI_CNS06839,B,/Volumes/FAFU 二次备份/2022-11-09   褐飞虱偏好性/2023-05-27   BPH33/124_FUJI/CNS06839.JPG,2023-05-27 06:26:13,本组清晰度最低候选,/Volumes/115/Codex/取食偏好/analysis_results/褐飞虱偏好_20260916/evidence/优先复核/B_124_FUJI_CNS06839_自动候选标注.jpg,20,11,162.75901794433594,27,False
B_124_FUJI_CNS07081,B,/Volumes/FAFU 二次备份/2022-11-09   褐飞虱偏好性/2023-05-27   BPH33/124_FUJI/CNS07081.JPG,2023-05-27 07:06:33,初始核验某侧差异超过2只,/Volumes/115/Codex/取食偏好/analysis_results/褐飞虱偏好_20260916/evidence/优先复核/B_124_FUJI_CNS07081_自动候选标注.jpg,22,10,237.9268341064453,22,False
B_124_FUJI_CNS07330,B,/Volumes/FAFU 二次备份/2022-11-09   褐飞虱偏好性/2023-05-27   BPH33/124_FUJI/CNS07330.JPG,2023-05-27 07:48:03,初始核验某侧差异超过2只,/Volumes/115/Codex/取食偏好/analysis_results/褐飞虱偏好_20260916/evidence/优先复核/B_124_FUJI_CNS07330_自动候选标注.jpg,20,9,222.63819885253906,27,False
B_124_FUJI_CNS07579,B,/Volumes/FAFU 二次备份/2022-11-09   褐飞虱偏好性/2023-05-27   BPH33/124_FUJI/CNS07579.JPG,2023-05-27 08:29:33,初始核验某侧差异超过2只,/Volumes/115/Codex/取食偏好/analysis_results/褐飞虱偏好_20260916/evidence/优先复核/B_124_FUJI_CNS07579_自动候选标注.jpg,19,8,232.80618286132812,29,False
B_124_FUJI_CNS08076,B,/Volumes/FAFU 二次备份/2022-11-09   褐飞虱偏好性/2023-05-27   BPH33/124_FUJI/CNS08076.JPG,2023-05-27 09:52:23,初始核验某侧差异超过2只,/Volumes/115/Codex/取食偏好/analysis_results/褐飞虱偏好_20260916/evidence/优先复核/B_124_FUJI_CNS08076_自动候选标注.jpg,17,10,230.88357543945312,27,False
B_124_FUJI_CNS08574,B,/Volumes/FAFU 二次备份/2022-11-09   褐飞虱偏好性/2023-05-27   BPH33/124_FUJI/CNS08574.JPG,2023-05-27 11:15:23,初始核验某侧差异超过2只,/Volumes/115/Codex/取食偏好/analysis_results/褐飞虱偏好_20260916/evidence/优先复核/B_124_FUJI_CNS08574_自动候选标注.jpg,17,9,218.19155883789062,28,False
B_124_FUJI_CNS08704,B,/Volumes/FAFU 二次备份/2022-11-09   褐飞虱偏好性/2023-05-27   BPH33/124_FUJI/CNS08704.JPG,2023-05-27 11:37:03,停拍缺口前后,/Volumes/115/Codex/取食偏好/analysis_results/褐飞虱偏好_20260916/evidence/优先复核/B_124_FUJI_CNS08704_自动候选标注.jpg,18,10,219.41702270507812,27,False
B_125_FUJI_CNS00001,B,/Volumes/FAFU 二次备份/2022-11-09   褐飞虱偏好性/2023-05-27   BPH33/125_FUJI/CNS00001.JPG,2023-05-27 15:13:03,停拍缺口前后,/Volumes/115/Codex/取食偏好/analysis_results/褐飞虱偏好_20260916/evidence/优先复核/B_125_FUJI_CNS00001_自动候选标注.jpg,16,8,199.7386016845703,29,False
B_125_FUJI_CNS00119,B,/Volumes/FAFU 二次备份/2022-11-09   褐飞虱偏好性/2023-05-27   BPH33/125_FUJI/CNS00119.JPG,2023-05-27 15:32:43,初始核验某侧差异超过2只,/Volumes/115/Codex/取食偏好/analysis_results/褐飞虱偏好_20260916/evidence/优先复核/B_125_FUJI_CNS00119_自动候选标注.jpg,16,10,207.1109161376953,25,False
B_125_FUJI_CNS00367,B,/Volumes/FAFU 二次备份/2022-11-09   褐飞虱偏好性/2023-05-27   BPH33/125_FUJI/CNS00367.JPG,2023-05-27 16:14:03,初始核验某侧差异超过2只,/Volumes/115/Codex/取食偏好/analysis_results/褐飞虱偏好_20260916/evidence/优先复核/B_125_FUJI_CNS00367_自动候选标注.jpg,15,8,206.76119995117188,23,False
B_125_FUJI_CNS01362,B,/Volumes/FAFU 二次备份/2022-11-09   褐飞虱偏好性/2023-05-27   BPH33/125_FUJI/CNS01362.JPG,2023-05-27 18:59:53,初始核验某侧差异超过2只,/Volumes/115/Codex/取食偏好/analysis_results/褐飞虱偏好_20260916/evidence/优先复核/B_125_FUJI_CNS01362_自动候选标注.jpg,16,4,190.601318359375,24,False
B_125_FUJI_CNS01860,B,/Volumes/FAFU 二次备份/2022-11-09   褐飞虱偏好性/2023-05-27   BPH33/125_FUJI/CNS01860.JPG,2023-05-27 20:22:53,初始核验某侧差异超过2只,/Volumes/115/Codex/取食偏好/analysis_results/褐飞虱偏好_20260916/evidence/优先复核/B_125_FUJI_CNS01860_自动候选标注.jpg,13,7,195.9912872314453,26,False
C_125_FUJI_CNS02002,C,/Volumes/FAFU 二次备份/2022-11-09   褐飞虱偏好性/2023-05-28  BPH33回补/125_FUJI/CNS02002.JPG,2023-05-27 21:02:33,停拍缺口前后,/Volumes/115/Codex/取食偏好/analysis_results/褐飞虱偏好_20260916/evidence/优先复核/C_125_FUJI_CNS02002_自动候选标注.jpg,0,0,136.8192901611328,0,False
C_125_FUJI_CNS02003,C,/Volumes/FAFU 二次备份/2022-11-09   褐飞虱偏好性/2023-05-28  BPH33回补/125_FUJI/CNS02003.JPG,2023-05-27 21:03:03,停拍缺口前后,/Volumes/115/Codex/取食偏好/analysis_results/褐飞虱偏好_20260916/evidence/优先复核/C_125_FUJI_CNS02003_自动候选标注.jpg,0,0,138.56163024902344,0,False
C_125_FUJI_CNS02659,C,/Volumes/FAFU 二次备份/2022-11-09   褐飞虱偏好性/2023-05-28  BPH33回补/125_FUJI/CNS02659.JPG,2023-05-27 22:52:23,本组疑似目标数较多,/Volumes/115/Codex/取食偏好/analysis_results/褐飞虱偏好_20260916/evidence/优先复核/C_125_FUJI_CNS02659_自动候选标注.jpg,38,20,176.16514587402344,54,False
C_125_FUJI_CNS02886,C,/Volumes/FAFU 二次备份/2022-11-09   褐飞虱偏好性/2023-05-28  BPH33回补/125_FUJI/CNS02886.JPG,2023-05-27 23:30:13,初始核验某侧差异超过2只,/Volumes/115/Codex/取食偏好/analysis_results/褐飞虱偏好_20260916/evidence/优先复核/C_125_FUJI_CNS02886_自动候选标注.jpg,37,20,159.34251403808594,43,False
C_125_FUJI_CNS03250,C,/Volumes/FAFU 二次备份/2022-11-09   褐飞虱偏好性/2023-05-28  BPH33回补/125_FUJI/CNS03250.JPG,2023-05-28 00:30:53,初始核验某侧差异超过2只,/Volumes/115/Codex/取食偏好/analysis_results/褐飞虱偏好_20260916/evidence/优先复核/C_125_FUJI_CNS03250_自动候选标注.jpg,35,16,167.73387145996094,39,False
C_125_FUJI_CNS05071,C,/Volumes/FAFU 二次备份/2022-11-09   褐飞虱偏好性/2023-05-28  BPH33回补/125_FUJI/CNS05071.JPG,2023-05-28 05:34:23,初始核验某侧差异超过2只,/Volumes/115/Codex/取食偏好/analysis_results/褐飞虱偏好_20260916/evidence/优先复核/C_125_FUJI_CNS05071_自动候选标注.jpg,37,15,167.60809326171875,39,False
C_125_FUJI_CNS05823,C,/Volumes/FAFU 二次备份/2022-11-09   褐飞虱偏好性/2023-05-28  BPH33回补/125_FUJI/CNS05823.JPG,2023-05-28 07:39:43,本组疑似目标数较多,/Volumes/115/Codex/取食偏好/analysis_results/褐飞虱偏好_20260916/evidence/优先复核/C_125_FUJI_CNS05823_自动候选标注.jpg,43,14,163.19534301757812,56,False
C_125_FUJI_CNS05840,C,/Volumes/FAFU 二次备份/2022-11-09   褐飞虱偏好性/2023-05-28  BPH33回补/125_FUJI/CNS05840.JPG,2023-05-28 07:42:33,本组疑似目标数较多,/Volumes/115/Codex/取食偏好/analysis_results/褐飞虱偏好_20260916/evidence/优先复核/C_125_FUJI_CNS05840_自动候选标注.jpg,43,12,164.13638305664062,54,False
C_125_FUJI_CNS05858,C,/Volumes/FAFU 二次备份/2022-11-09   褐飞虱偏好性/2023-05-28  BPH33回补/125_FUJI/CNS05858.JPG,2023-05-28 07:45:33,相邻照片计数变化较大，可能是真实移动或计数问题,/Volumes/115/Codex/取食偏好/analysis_results/褐飞虱偏好_20260916/evidence/优先复核/C_125_FUJI_CNS05858_自动候选标注.jpg,25,14,53.084720611572266,34,False
C_125_FUJI_CNS06064,C,/Volumes/FAFU 二次备份/2022-11-09   褐飞虱偏好性/2023-05-28  BPH33回补/125_FUJI/CNS06064.JPG,2023-05-28 08:19:53,相邻照片计数变化较大，可能是真实移动或计数问题,/Volumes/115/Codex/取食偏好/analysis_results/褐飞虱偏好_20260916/evidence/优先复核/C_125_FUJI_CNS06064_自动候选标注.jpg,19,11,53.7936897277832,25,False
C_125_FUJI_CNS08711,C,/Volumes/FAFU 二次备份/2022-11-09   褐飞虱偏好性/2023-05-28  BPH33回补/125_FUJI/CNS08711.JPG,2023-05-28 15:41:03,初始核验某侧差异超过2只,/Volumes/115/Codex/取食偏好/analysis_results/褐飞虱偏好_20260916/evidence/优先复核/C_125_FUJI_CNS08711_自动候选标注.jpg,34,6,154.2507781982422,33,False
C_125_FUJI_CNS08827,C,/Volumes/FAFU 二次备份/2022-11-09   褐飞虱偏好性/2023-05-28  BPH33回补/125_FUJI/CNS08827.JPG,2023-05-28 16:00:23,停拍缺口前后,/Volumes/115/Codex/取食偏好/analysis_results/褐飞虱偏好_20260916/evidence/优先复核/C_125_FUJI_CNS08827_自动候选标注.jpg,35,7,157.53909301757812,35,False
C_126_FUJI_CNS00001,C,/Volumes/FAFU 二次备份/2022-11-09   褐飞虱偏好性/2023-05-28  BPH33回补/126_FUJI/CNS00001.JPG,2023-05-28 19:15:53,停拍缺口前后,/Volumes/115/Codex/取食偏好/analysis_results/褐飞虱偏好_20260916/evidence/优先复核/C_126_FUJI_CNS00001_自动候选标注.jpg,28,12,156.02963256835938,29,False
C_126_FUJI_CNS01238,C,/Volumes/FAFU 二次备份/2022-11-09   褐飞虱偏好性/2023-05-28  BPH33回补/126_FUJI/CNS01238.JPG,2023-05-28 22:42:03,相邻照片计数变化较大，可能是真实移动或计数问题,/Volumes/115/Codex/取食偏好/analysis_results/褐飞虱偏好_20260916/evidence/优先复核/C_126_FUJI_CNS01238_自动候选标注.jpg,12,12,52.07040786743164,23,False
C_126_FUJI_CNS01374,C,/Volumes/FAFU 二次备份/2022-11-09   褐飞虱偏好性/2023-05-28  BPH33回补/126_FUJI/CNS01374.JPG,2023-05-28 23:04:43,本组清晰度最低候选,/Volumes/115/Codex/取食偏好/analysis_results/褐飞虱偏好_20260916/evidence/优先复核/C_126_FUJI_CNS01374_自动候选标注.jpg,19,12,49.659454345703125,28,False
C_126_FUJI_CNS03293,C,/Volumes/FAFU 二次备份/2022-11-09   褐飞虱偏好性/2023-05-28  BPH33回补/126_FUJI/CNS03293.JPG,2023-05-29 04:24:33,本组清晰度最低候选,/Volumes/115/Codex/取食偏好/analysis_results/褐飞虱偏好_20260916/evidence/优先复核/C_126_FUJI_CNS03293_自动候选标注.jpg,19,9,49.55198287963867,26,False
C_126_FUJI_CNS03294,C,/Volumes/FAFU 二次备份/2022-11-09   褐飞虱偏好性/2023-05-28  BPH33回补/126_FUJI/CNS03294.JPG,2023-05-29 04:24:43,本组清晰度最低候选,/Volumes/115/Codex/取食偏好/analysis_results/褐飞虱偏好_20260916/evidence/优先复核/C_126_FUJI_CNS03294_自动候选标注.jpg,21,12,49.44831848144531,29,False
